ASV ID,Disease,Study,T.mean,P.val,Meta.significance
000db46fcff4701589d112bc2a6044de,0.000465377,0.037383635,1.25E-06,0.875866727,FALSE
003e253932cf83d92de80661474011ca,0.012048943,0.040143967,3.42E-07,0.039248485,TRUE
00a96fbd0ac34bfd245f9c24f8737f7d,0.018958046,0.009188114,0.007968183,0.002919359,TRUE
0243b68c76049aa1b8c51a20333da950,0.008470515,0.050985338,0.00219049,0.119026483,FALSE
0266b37dda69c8fd306c9e0ee679e583,0.000747273,0.195509877,1.92E-06,0.778613647,FALSE
02b4317d07dfa2d4bcf0b885431ba6ce,0.000812857,0.039403329,2.38E-05,0.279566191,FALSE
02db09efa7c46a21be5fadc51cb17dd8,2.04E-07,0.009546606,1.11E-06,0.997681172,FALSE
034061db75629f2f71b16186302a7e44,0.000779195,0.046702306,0,0.712358329,FALSE
05dbbf0301a9625e1f1a41470a92f7fe,0.01006592,0.004970666,8.36E-06,0.020252412,TRUE
06f825b512d903b9230e1a55d87359ee,0.001269498,0.120969653,6.59E-05,0.921299398,FALSE
07699fa14cb8970eee5e8dda19dd5dbe,0.007040893,0.003260151,0.000121137,0.033735708,TRUE
07b148ebe6cc2c05b1faa8d187c51114,0.000736621,0.061635589,0.000527644,0.757927945,FALSE
07fd92a29ce27a31f4d95c6821595530,0.00090605,0.028426048,0,0.559840592,FALSE
08bd43071a06abf56df235fca6655bea,0.013488102,0.003683633,0.002446728,0.007640605,TRUE
08c53fdf2c7b879ac5e38d5730b65fd9,0.001248566,0.044913112,4.60E-06,0.226393588,FALSE
0a035a7ec1f4a194dd7fbda3c5660db0,0.015165084,0.027959409,0.00017207,0.001204197,TRUE
0a68ec564e278b0246c920ad7de41880,0.008497512,0.024141324,0.015445183,0.112221601,FALSE
0ac4820d19fc4dfbe62663def78c840d,0.000766085,0.001603043,8.05E-07,0.427749543,FALSE
0ad13b6d1cd98ad7e8f6ee9909d33114,0.001380533,0.312196344,6.47E-06,0.920204103,FALSE
0b4aeb45916a24fd10e3655fe6481966,0.000113278,0.062749127,0,0.714539272,FALSE
0b53415990b1e4435ba981cc617f6be0,0.011220934,0.031456347,0,0.00724748,TRUE
0ba1ab35f26bdef177c3341940c34c34,0.000686233,0.043608935,0,0.40452478,FALSE
0ba92b5d91ba43524ebc6ea1ae7c5a73,0.002595402,0.031379303,0,0.248561622,FALSE
0bae11e18b7d5b6f905fcb2cecf94bcf,0.005240563,0.00336838,8.09E-07,0.080573937,FALSE
0bda1f28a4db470d885740af6b66cf7d,0.000772583,0.032194902,0,0.247888803,FALSE
0be2b2840d439b1b8548e8010f8310e5,2.50E-05,0.058300437,5.90E-06,0.681874577,FALSE
0c410683e68edf42337559941e5d3018,0.011142618,0.014478091,0,0.012125929,TRUE
0dcf5023e96fb8175d7bf02d900c9dd1,0.000157461,0.065533012,0.000477419,0.540449893,FALSE
0df6c802966e8670279671824da4f10a,0.017362454,0.0891723,1.87E-05,0.028977845,TRUE
0e226d197c2f253bcee5f15026512f90,9.91E-05,0.020400557,0,0.508142174,FALSE
0e2573348777e55615736ca01785b7b4,0.008502735,0.032470197,0,0.064034471,FALSE
0ed3a6836e138f14044f6950ad7280d2,0.004099348,0.038958279,0,0.108696507,FALSE
0f603a9018080b298f6f858569d3b3e2,0.00649448,0.119579873,2.58E-05,0.338255492,FALSE
0f7b183901acd60418685b4fe37472c7,0.007430483,0.04304447,4.67E-07,0.099139915,FALSE
0fd672291b9b2013b63d4b3ab74a11a2,0.001231589,0.006641238,1.08E-07,0.461422203,FALSE
10e5d577b3994af95223fba4a16a69d5,0.001201613,0.007698036,0,0.438447225,FALSE
119eea33cb9f505d6a20297d132e792a,0.00171317,0.05420029,0.000447975,0.202057083,FALSE
11b7d5a0dd0446562be236a4a9144c75,0.012870126,0.015676682,4.28E-05,0.009573578,TRUE
12615dfed222d35c1582cbd6cef48013,1.22E-08,0.016565309,0,0.715594617,FALSE
12cc4c8a5d46fec0b6738bfe7c6c8a08,0.012288205,0.010173793,0,0.008186882,TRUE
12f9203b937a20a91b08aab804b28cd9,4.31E-05,0.024758318,0.000138661,0.894471181,FALSE
13d71cf98eff2dd4c01db78545020d68,0.000525581,0.015772933,0,0.37524675,FALSE
13e5e67a2599db5c3cdfa82c4c9ea6fd,0.00161568,0.077790151,7.41E-05,0.127931549,FALSE
143370e10dab7fdbcbdeda0f8b19658a,1.29E-05,0.013286986,0,0.663691949,FALSE
149465e40c1bdbc6230588a58a4d6eb0,0.000621453,0.005839407,0.000504405,0.441135638,FALSE
1569f7ae988e26c905ab8fab427c8a0d,0.001628529,0.029755211,0.006191885,0.568382062,FALSE
15b5966398a85e5c75501ad243691dfc,0.014186246,0.014515271,3.65E-05,0.017303761,TRUE
15cfeb62055743aacb7f78e9aa86accd,0.003866169,0.022439364,0,0.391791015,FALSE
16530e5b50b780018210dac05a471715,0.010702657,0.058963714,5.71E-05,0.041126477,TRUE
1739d8f19c1ac366a2138b64b03047a9,0.002311431,0.043769322,5.72E-07,0.328374965,FALSE
177db53ded58fcf2915778bff9a04f2c,0.000913007,0.000720582,2.81E-05,0.358583023,FALSE
18d1d3003cc423b568ba5b5ccb433023,1.33E-06,0.023898533,3.21E-05,0.959479933,FALSE
1930d2ae4018583d606e705beea31bd1,0.000600269,0.043496834,1.30E-05,0.353896158,FALSE
19715b1593c19aa6d35a4d1e3cd09374,0.000599677,0.128512223,7.42E-05,0.088760727,FALSE
19da890972569b6859c360e9b4c8751e,0.077975799,0.012697661,0,5.82E-10,TRUE
1a7a9d14747af9f14fcdabdef2549a77,0.005608841,0.072368486,1.55E-05,0.175903532,FALSE
1a9df3fbbc7fc8cecec4239cf801d2fc,0.034598456,0.014780723,0.0021164,2.82E-05,TRUE
1ab75f81f06d896defe1a2a976e99bcd,0.000836772,0.02930309,0,0.445908266,FALSE
1b23e74fb43b2b8a2d20b91679cf8e0e,4.20E-06,0.009164986,0,0.815121336,FALSE
1b5d50e4ae6a2cb153f3b2ca04699419,0.007675465,0.014386194,3.60E-05,0.061586305,FALSE
1b8dec58597978264025b9eba656ffb5,0.002951423,0.046256204,0.003019915,0.338691537,FALSE
1b92901eaf73176b86069084ac8c13e3,0.006212899,0.035244005,0.000220731,0.112967177,FALSE
1bc1f0e94c2e5c3f32e5b2746769efb4,0.002502556,0.011543844,0,0.366880141,FALSE
1c4f71b06ad9d613e117b633de27a107,0.006859045,0.037726652,4.87E-05,0.201031583,FALSE
1c719e69d668107c05bdba29829217c5,0.000952207,0.078258037,9.29E-07,0.107392381,FALSE
1d3b32ffa91427afb0042949965be9d8,0.000225816,0.015545071,0,0.911139015,FALSE
1d49df56b83a383d8b998af9d148f52c,0.012110225,0.035369132,0,0.036678007,TRUE
1eaa3cb7baaac3220b0606e3621afd16,0.000152305,0.001560229,6.20E-05,0.846302474,FALSE
1f0532e025d966a685fd0d1f3144bc8a,0.081141362,0.1283364,2.21E-06,4.88E-10,TRUE
1f3d20f8f9bfb29a4ae7eaf2962cd4b4,0.006159487,0.012556011,0,0.182910068,FALSE
200c260542e42d4ba92a5ed82b43efa5,0.001445229,0.014778345,0,0.345405765,FALSE
207ae2c759c09be976bbb456d7d7eca6,0.000621303,0.035559297,0,0.767396596,FALSE
208c0c43c7c5d4a6bb549e0c8365cd21,0.004622797,0.064450296,0.000271866,0.037098374,TRUE
2102f51f3591341a5e15fb5958ee321c,0.001248707,0.096318198,0,0.056172252,FALSE
21401b105dc53b367b8fdc0ec97a9f02,1.59E-05,0.023560491,1.98E-07,0.872103495,FALSE
21c3d53a131350000f6e39601ef18415,0.000753817,0.002185814,0,0.666933819,FALSE
21dcfff18d552ae0ca669d213652bda3,9.03E-05,0.005882321,5.39E-06,0.896806243,FALSE
22424eb53c259749d0d5cf4f45d18613,0.001432815,0.01138037,0,0.477409091,FALSE
23d6e67ff377b63cc8506920f662b5a5,0.000296499,0.031720657,3.40E-06,0.737100486,FALSE
240fdca31693a4ace2c8f24a85af411a,0.000644138,0.026782021,0,0.250906921,FALSE
243a590b7a6c17e5a16dff4bc7033ac1,0.000692147,0.013242392,2.84E-05,0.456584483,FALSE
24646f903382ae52da1b45805982e09f,0.000857716,0.035177793,0.000190223,0.317649673,FALSE
2489471b3729e885a2c1ddaa10774d8e,0.002244638,0.005680506,0.000379058,0.399952907,FALSE
24ab52d61bd6f296ee3a1318ea6541a3,0.000132886,0.024070885,0,0.77397634,FALSE
24cccadb274fef1f88113e8f019e2a63,0.015954014,0.006739597,2.93E-07,0.001782942,TRUE
25394a604bbcd078c80186b300dab8ee,0.017039299,0.021903817,0,0.007032273,TRUE
25bf7b31746631bbb8582ebe892fe837,0.012897688,0.031960863,0,0.005478271,TRUE
263dd27eecec232de5af17bd4f6de61b,0.001910217,0.036368435,0,0.646479902,FALSE
263e41ea2c25dc87bd2ff5910cf30d40,0.009768378,0.038448209,0.016603919,0.082494001,FALSE
26736c7ee02864e6bbab37424d69a4ed,0.000725138,0.051479333,0.000184254,0.644414734,FALSE
26c6e3ed14694582e207478c1f23c21f,0.002512571,0.011248014,0.000388073,0.310242738,FALSE
2721fd42d5373667f111c60faaf21eac,0.004807959,0.015217028,0,0.121159064,FALSE
2740cf2417c92847cc298cbd71dd1fcd,0.000514645,0.005199681,0.00013145,0.377285769,FALSE
274d44a105684512d6df0a983a5b6663,0.00236622,0.080188766,0,0.745306849,FALSE
27a7197b6f932b622896bc3dc90f3200,0.002950022,0.017193854,0,0.270561601,FALSE
27ccbc0c212b45eb46c3573174e1bd80,0.003213234,0.097865304,0,0.628105234,FALSE
27f098662c8f87b4aaff903d9c0f28d3,0.005683009,0.007845518,0.000683367,0.212842594,FALSE
29c0b831ad8278ee5185bfe79acc067e,0.00238856,0.015913155,0,0.300210491,FALSE
2a2b34830532f063cbbc1517e527b58f,0.003149048,0.014966298,0,0.200435261,FALSE
2a7169b7465789a82b4f47c3d934d259,0.002564299,0.043960656,2.51E-05,0.272444211,FALSE
2bd9309f2f97cae51d18d06ea1ca519a,0.001429593,0.076688561,2.77E-05,0.92640438,FALSE
2c0c62ea09b2efe01bacdcbcf558d2b8,0.012423723,0.046653454,0.000324392,0.001481812,TRUE
2c353937b82f39126e9aeead6f624ac9,0.000817464,0.131484354,1.35E-06,0.105367264,FALSE
2c3b179c770eca4dd9338a4d2c137202,0.000644502,0.001638788,0,0.527768496,FALSE
2c5e87b291147c04e1b8d1c808b1aee0,0.000477129,0.003664559,1.60E-05,0.705801,FALSE
2c982937754e6321f861027032db80f7,0.004331453,0.001867365,0.001668592,0.113306037,FALSE
2dbaf07cdc2dece27cda9675d3850efe,0.004554319,0.014353715,0,0.113947895,FALSE
2de0f958e30d26f04cba8d2a920bbe46,0.007447408,0.096643517,0.000140569,0.006230941,TRUE
2e4f2b53b856c4def6d021d01f5abb70,0.012995716,0.000793932,0.00747893,0.008806865,TRUE
2e81e4d1a54e1636af43e46fa332ab11,0.001371583,0.003142668,2.39E-06,0.34814517,FALSE
2ef1e51ab1cf99a3c6417b05a060830e,1.61E-05,0.004968184,1.73E-06,0.832418121,FALSE
2fb5a4a7d5e419920ec9257327a118ca,0.001874169,0.108178919,0,0.653493071,FALSE
300568e1ddcb6356519af1a75ab2df4b,0.000646567,0.152018155,7.39E-06,0.927742072,FALSE
3114d42cc9f862a2a18d7e5efde7fa9b,0.002090856,0.03601774,5.21E-06,0.10505877,FALSE
3120660c883750285d85c12f7d898f67,0.004338271,0.04852383,2.34E-05,0.283325294,FALSE
315ca0a729f126b941ba111a16d4d97a,0.002783749,0.007578868,0.000153898,0.255834431,FALSE
31654b0fabcee256ee93ddfc89c8b048,0.000304285,0.032176615,0.000129058,0.887036576,FALSE
31774b2ab198d7b5abc9f0d6e8a5ffc2,0.007203757,0.002251775,0,0.061134964,FALSE
31ae90207edd94c7ec56db3a9778c2e7,0.00563383,0.035081876,0,0.162991732,FALSE
31f567f59096ed2d57feecc6c3621a58,0.048636733,0.017948549,0,1.10E-07,TRUE
3219af75ee8056ed06ba81e873b0d0cb,2.14E-05,0.030994777,0.000458212,0.807445652,FALSE
32946a13151283c45561a1d0ca4223a0,0.00030729,0.022965951,5.31E-06,0.474856011,FALSE
32cc17e12d08b4011ab0ec8c393fd12c,0.001727342,0.017207089,3.57E-05,0.659653223,FALSE
32cd36db3b176689d81c65ddb6c17140,0.002943526,0.029548599,9.93E-07,0.074962889,FALSE
332a6411ff00b4010ac2397f504c4695,0.005830348,0.028961682,0.00898351,0.21121041,FALSE
333bbf9224442fc10cd497377d2b1d01,0.001467754,0.002594437,0.004730922,0.434634221,FALSE
33518e48b174ac428cb7be1a216c6c6e,0.01512286,0.070463972,0.012745529,0.037154811,TRUE
33ba975cdb88b5073a2355ffdf01e9cb,0.011914956,0.008950864,3.75E-06,0.013851955,TRUE
33ddca6781100b91d670de9a543e5aa7,0.005295044,0.022292774,0,0.088495705,FALSE
341caff1300aa78cd6d20a52e037a0f7,0.004761564,0.026306581,4.31E-06,0.182151518,FALSE
3443b73db214fbccce540ddb43380a8d,5.03E-05,0.038722347,0,0.682003593,FALSE
34b791a0a48d68bbf6278d510ee36430,7.92E-08,0.095999416,1.19E-05,0.868613551,FALSE
35195a80f6fb69ef8bd6827d1b045aad,4.93E-05,0.027296224,2.98E-05,0.59764043,FALSE
3525e8f55cd3355cc02bb9df648623e2,0.002101672,0.013345292,0.000425264,0.254379128,FALSE
35cbb315e019e0a8768d4b73862df415,0.000409915,0.232961534,0.005327036,0.088404762,FALSE
35ffcc3b809d667286737d79670b8de5,0.000133974,0.025011202,0.001965075,0.844422299,FALSE
360b8779251bfde96f1165e5202f83d6,0.000698115,0.009570809,0,0.540711145,FALSE
366bb3ddd63d135bec172051cf2cfe0a,0.008423168,0.054192518,4.02E-06,0.039316161,TRUE
369bbf86b13d5924c095aad30bba9af1,0.004876766,0.22097667,2.97E-06,0.002974616,TRUE
36c3c3e931ebb36c143c46739b848668,2.86E-07,0.004691839,1.52E-06,0.739116085,FALSE
36ce67b3fecce277df99829617975495,0.00138247,0.019639411,0,0.5392029,FALSE
36d9ad396b85196c9b4cf68b81789585,0.003885424,0.031112777,0.000724714,0.084659361,FALSE
3723ea6e099f53017ca85c153c80969f,0.002928547,0.019059506,5.53E-07,0.210666299,FALSE
394eda29c886632f514dd94b58381186,0.034690677,0.025030545,0.000357446,4.02E-05,TRUE
396ffa76286336a3eeb1ea420e60f86b,0.004597042,0.008211401,0.000180146,0.107504234,FALSE
3971f12074ab43063f75c7cf8030f49d,0.000941283,0.006455314,6.46E-05,0.446395922,FALSE
39c746e6698d4935484f50bf45508965,0.010497685,0.054349971,3.97E-05,0.0554005,FALSE
39f94c50ed5ba9ec7085c9c0e312c16a,0.000422756,0.017639548,2.84E-05,0.495906389,FALSE
3aad083a4c822d27071d1ff6163cbfb2,0.000378672,0.005977924,9.50E-07,0.734027565,FALSE
3b010dbd9eae72a79f11af5d24eb3ca3,0.004521909,0.048750733,0.0002775,0.141233514,FALSE
3d675bc2e3ca7ae2dbd80044122f82b0,6.83E-05,0.008159633,2.35E-05,0.685204832,FALSE
3dd7acf39ab927348aafcd8acb08dd9a,0.000718376,0.007709166,1.22E-05,0.536217794,FALSE
3f49f2e33639f81618c76b5807f6498c,0.006130869,0.003526949,0.000579622,0.097460778,FALSE
3f6dce06719bb11b6b9bbb8f2c8a5644,8.34E-05,0.026224686,5.27E-05,0.613117115,FALSE
3f9afe17105dd0c33bf41ce08824f362,0.001880338,0.017240896,1.22E-05,0.346847401,FALSE
3fa3bc57e77ce8e3c12a8d89543c8179,8.55E-05,0.015951452,0,0.882741022,FALSE
40874d61006874f7c87d904707d320d9,0.000146405,0.025996591,0.000401181,0.927209006,FALSE
40ac3979c05fe30df6ecfaaa78ae3e9f,0.00450992,0.021959299,0,0.121288039,FALSE
40c224bbde3afb84430a840676a0115a,0.000172111,0.013691294,0,0.749432729,FALSE
4102c0c9284b080a36ae312a7b497915,7.03E-05,0.024522253,9.10E-07,0.91522349,FALSE
4109fbbe9cd1407916d6f86e0fc3038d,0.002615622,0.10645554,1.25E-06,0.62075058,FALSE
410e1eaa1468a3d40595898f671ba0b3,7.09E-05,0.062424246,0.002255548,0.787238762,FALSE
412b0b2c43975195a230e493a7a2b763,0.000383597,0.003252717,0,0.475188177,FALSE
420f96256387d77de17ec28d160bb147,0.004384383,0.045127971,0,0.426527318,FALSE
421cbd1d71d34704c6d53377261e213c,0.005727518,0.030577458,0.000662756,0.047577771,TRUE
422443b7e46f6631c5a7cc89316be0d0,9.22E-05,0.010992555,0,0.740774138,FALSE
43119e5f1eb41e9ee1776d7a6504126f,0.000562708,0.010410196,0,0.53572762,FALSE
43202fe954709a694e31c3a1be7e889b,0.005720925,0.006474241,8.20E-05,0.043682216,TRUE
43a39fa4815bda79d6470002c8172dcb,0.000619566,0.018078933,0,0.581464634,FALSE
44396f15b10f6577d61a11c6047c939f,0.001862303,0.007490451,0.006256797,0.339128695,FALSE
452e8489334d0ba0cf7eeccea28f1364,0.001657797,0.02622836,0.000152848,0.446468421,FALSE
455219eeb206cd432bf64f51159e0b4c,0.000875692,0.001681192,0,0.493266018,FALSE
45aea834beb1b1b53d8db337520b771e,0.001800357,0.01153263,4.79E-05,0.477383247,FALSE
45c80843dac191f771b11018ff90d94c,0.007660786,0.030154197,0.000356653,0.077661115,FALSE
45ddc69a3fbf19ff4953211c157cb9ac,0.004829537,0.010445813,4.16E-05,0.158597393,FALSE
4764c9892e1e8a1720557f820454acd5,6.38E-06,0.003762404,0,0.886803429,FALSE
47c305878bfc73bfeda34b2ae1a82ee1,0.001263703,0.020211229,0,0.557054092,FALSE
47f770032218f91b352999ff1f663807,0.03429754,0.02085277,7.51E-06,0.000243711,TRUE
4912cd4c1f9a773f88a73c258c25c825,0.013543808,0.01426572,3.52E-05,0.009335436,TRUE
4924bfca291797ea1fca3e384f4143f9,0.006630669,0.067633746,0,0.014511073,TRUE
496d7f479392def9414da33c9137e40a,7.04E-05,0.045472808,0.000150399,0.998092832,FALSE
4a1c5fb315646700069f4c358a196b9f,0.000102451,0.047472691,2.37E-05,0.512363406,FALSE
4ada3d8098e9706fcebb85f1e427fea6,0.005985736,0.038976058,0,0.085662762,FALSE
4bd01f90398375480101204bbcdd2ceb,0.004244163,0.097351798,0.000363846,0.206009833,FALSE
4bdbaae586dedec92168f93266de0979,0.01677714,0.047366931,1.16E-06,0.011626038,TRUE
4cdc5b820b31c7b2c0720f917d9cd3f7,0.001440172,0.059496704,1.01E-05,0.246958611,FALSE
4d334598e144b1d31c0b92a301b5cc68,0.000100015,0.012740044,0.000101256,0.805192478,FALSE
4d72007c70f4abc0bf9e8fe8b826d07d,0.009084118,0.081512647,0,0.227999075,FALSE
4e0a8ac6434b87de6ed53d016fd7c87c,0.009149743,0.00956086,0,0.012347713,TRUE
4e2e6735331ad01a30c94d2f4c285dc2,0.018941465,0.014104778,0.000638269,0.001075207,TRUE
4f480409cf34da6fb985eaa1cf33a65b,7.11E-07,0.112381529,3.44E-06,0.516994539,FALSE
4fa92a2a53671efe07609c498ade0093,0.001849227,0.020947612,2.79E-07,0.228174566,FALSE
504efe2f63f610a0f92e8cd040e2f916,0.000406725,0.014069604,2.28E-05,0.959885523,FALSE
5050bcdda95dede0595dc33c6d1ba0fc,0.000605096,0.049020336,0,0.828847085,FALSE
506efac48dc5d5be2c0122c381639a3f,0.000241697,0.007373056,0.001350538,0.468242205,FALSE
5149bdbf03de13bb38557d48d5141b87,0.029884448,0.027701438,0.000112477,4.78E-05,TRUE
518152583cf49fa56a2faead4d28e1e5,0.000256397,0.007802664,0,0.857013226,FALSE
51d4f17b8dda9f7d972bf3dd0ecc4e59,0.003407011,0.006155299,0.000468001,0.159521534,FALSE
51ea85f428a5daaaf348c94671af386e,0.005067328,0.009107395,0,0.064070512,FALSE
5225de25bf8902d5a02c4af6e90cb5e8,2.69E-08,0.022108224,8.10E-06,0.961976069,FALSE
52573485a4521e007e4c5217fc5d7c68,0.012650064,0.000267753,5.21E-05,0.006381093,TRUE
52ca86ec48d4b050235dcfdea9cd5d39,0.001033305,0.128493835,4.23E-07,0.132781284,FALSE
5322567d7de1d94e6cf65390deb29b1c,0.000197655,0.008197869,0,0.951420412,FALSE
533b6c05a74b2c25a94f884d6fe42f9d,0.000389327,0.002319077,1.07E-06,0.819725392,FALSE
5443a3f15cad4117ecbc72bfd4de8f25,0.002531393,0.005359918,3.43E-06,0.418863503,FALSE
547ed9d63f007845c48db64ef3e5aab6,0.000816136,0.050423405,0,0.291032039,FALSE
54886b8e1a829f2bf0f874ea7a002750,0.012269271,0.018210561,0,0.010582867,TRUE
54a2bfb0a96adc52c4ccca239ad01466,0.008503848,0.00620157,6.37E-05,0.034972049,TRUE
54ec3041ed02d098b3c5e4395466c441,0.001928286,0.065345404,0,0.119696686,FALSE
55beed6d1a19ce34788b66488ffe3917,0.015134489,0.045884112,0.000209254,0.003066372,TRUE
56bde454092279f47b556883d5909620,0.003345969,0.032936883,4.44E-06,0.121080366,FALSE
56be4da3a014f35ce47922774c9156c9,0.000426732,0.01917013,0,0.876857137,FALSE
58bd181f757283f5a4ceebdf90ff6243,0.0141646,0.005258915,6.46E-05,0.011599337,TRUE
596db8ce20ae5cbfdc338a62f1bed1d9,0.000233696,0.024275951,0.000462958,0.85353677,FALSE
59777186ad2e0947e97615b5d6225136,0.005644144,0.048446688,0.006758236,0.069054111,FALSE
59fde92361d7af5a12b89009cc1665c3,0.001656661,0.105083228,2.47E-05,0.108974246,FALSE
5a6c87d6a4eb5e114959f6192f29b641,0.000613103,0.006022878,0.001683131,0.689673778,FALSE
5a995ef0ef454381562fe4d6909fa8d4,0.003880017,0.022678752,6.57E-05,0.251017663,FALSE
5c4563e3dd7e12dcdf279783af929eaa,0.002632705,0.023857337,0.001848173,0.124840011,FALSE
5c4fd1d0cbe7b43a93c2ed9286af0847,7.76E-05,0.094008369,4.55E-06,0.272349947,FALSE
5c68ef2fd4b94cf4e302d4c8e2ef1fe1,0.00020643,0.00168837,1.22E-05,0.723813522,FALSE
5ca4ec70e0319aa4e6e75595df17d8dc,0.011397128,0.059861708,1.99E-05,0.050463343,FALSE
5d08d1eb4b8a0672652dd0fc0af2dcf0,0.00039142,0.019635267,0.000365187,0.56876747,FALSE
5df1c5c06a1966d13b17f1f5df672777,0.003390465,0.040159172,2.94E-05,0.428117792,FALSE
5e50a007ea9a7f83275157c158916fcc,0.002280497,0.036025168,0.000155798,0.300418681,FALSE
5e581b06024ab980e25ee550e0b97247,0.013277858,0.003159492,0,0.015842758,TRUE
5edd946e0a26ae1c85ed8c498c328387,0.003883967,0.032972344,0.000254584,0.40854606,FALSE
5eeda5ba5e347d3ee4cc5d928bc3a708,0.000388028,0.033091317,9.11E-06,0.440765184,FALSE
5f25904e073fe5c114cadfde74349518,0.002785738,0.173321347,7.99E-06,0.458114058,FALSE
5f8d35126b0a7321413d21487ec72b73,0.001622577,0.006380476,4.89E-05,0.568047263,FALSE
5fbc483f79cd97d3a7253931f37c33e8,0.018903221,0.042583726,0.000269265,0.008856511,TRUE
601101d33cdf43a40bd674a50711af52,0.000148375,0.004416722,0.000884571,0.884125406,FALSE
605cc047d6200f294e043f8ce6cb5af7,0.000282423,0.020739853,0.000126685,0.505863108,FALSE
60614520ce7378162013d9e6054a37ef,0.002162084,0.003909195,0,0.295226668,FALSE
609d1ae0045de753ac19f31803e3e19d,0.000159285,0.040571755,0.000250854,0.957886093,FALSE
60de6b121a302a56d080d6e4e597233e,3.53E-06,0.007165084,2.88E-06,0.927070609,FALSE
61535a40adb8221483821e3984d0b1ac,0.005112634,0.007063197,0.002806958,0.124195011,FALSE
629f41c0de31ba20f5d2b3f4c69e09c1,0.000276561,0.167564047,0.00012162,0.473801356,FALSE
6348584315770e0d041c8543e15394f1,0.002245602,0.014650888,2.11E-06,0.2185395,FALSE
6420671c26eef32065e0275c8cd6701e,0.010159703,0.00525123,0.001809947,0.073195737,FALSE
64cdad777808dde2fad9b1be7bc91b85,5.75E-05,0.050933898,0,0.428305017,FALSE
656fc22d077cc5d6ef83285bcd081cbe,0.004518823,0.047167554,0,0.235154139,FALSE
65990c74559e4adfaa672a884ad7d464,0.000149057,0.025077155,0.001030266,0.845659296,FALSE
65d43491988bfe557da4d86a5ba25dae,0.005723601,0.204890042,4.14E-06,0.321376258,FALSE
66063c3a2e5cc0fd8b0b301cdbb7c0ce,0.003277597,0.013944457,0.00014702,0.246200978,FALSE
6616dc3bd6aeb3e26b9b2218290ea574,0.000315525,0.01406261,0.001650533,0.862104392,FALSE
662a40a2523f7669fa865700fc74a1cf,0.004505438,0.004609402,0.000294733,0.157069116,FALSE
664667183a91ac47de4771fa5456a698,0.00074237,0.025694683,2.82E-05,0.354227153,FALSE
66a9101067d5d8c3ba7bb71b3043276d,0.005655806,0.015828237,0,0.072682011,FALSE
675c847bccbc53942ebb7b8cbb4efc4d,0.000206626,0.079505654,0.000408084,0.406261112,FALSE
67e8859e108281ee7971084bfa759522,0.066096884,0.012803402,5.60E-05,6.40E-08,TRUE
6851a4ee264b56be2fff4686ce269907,0.015692612,0.055339989,0.007393603,0.032413805,TRUE
68d79c3035521e82b504b081a197d2ed,2.85E-08,0.064161282,0.000645252,0.779964108,FALSE
68e7e3599b8727dad8fb579a21279b55,0.003587747,0.031423905,0,0.283515529,FALSE
69310a7cff9f6b902cdfd08243784ace,0.004004067,0.025321822,9.30E-05,0.096548006,FALSE
69a11f927915e2a3ba1f7b9c84486527,0.008885057,0.038650818,0.000381557,0.079944726,FALSE
69b90707f6f3da7941026fbe6a1597ce,0.020008761,0.012939411,0.000394852,0.001140223,TRUE
6acfe69f470ceebec0cce442b1190fa9,0.00028374,0.016110558,2.37E-05,0.876000376,FALSE
6afbda63b0750231cd586b402d745cd8,1.89E-06,0.098581006,3.15E-05,0.509680102,FALSE
6b5c5532185593c41966b2173ea9df1c,0.015641453,0.120698787,1.41E-05,0.009054297,TRUE
6b861b073aefd57927ceac668da9cc4c,0.00306686,0.017364104,1.25E-06,0.206518903,FALSE
6ba43acb03ae795b3e7e31f2be946006,0.006001634,0.159889973,0,0.369667565,FALSE
6ba98911efd5b1fa1cbba9f869562cce,0.00754674,0.031397027,3.62E-06,0.010269697,TRUE
6bbff26a22040581ff0e24f9b5b40830,0.004052467,0.001789378,7.60E-05,0.073727914,FALSE
6c324279c1fc2965e594486ac26b0548,0.007996778,0.094811165,7.65E-05,0.009229345,TRUE
6c4dcaea3271e5e69ab4ae82e8284911,0.000358093,0.024590144,2.22E-06,0.314336376,FALSE
6d7f932303cb8ce3b13ec6d15b25682e,0.002458762,0.026337879,0,0.195583843,FALSE
6db169339ee5897780e713c44784d74a,0.001393761,0.02365391,9.33E-05,0.260423711,FALSE
6e57b32b545e72b802822e1554c70868,0.00070515,0.00514533,6.00E-06,0.205262274,FALSE
6e7dcdec78c483cd8d6666e4eedccd4f,0.00016741,0.03296549,1.52E-05,0.993935951,FALSE
6e9ac49ab03e8cf905432ad62df55c30,0.000947385,0.053126065,0,0.226791483,FALSE
6eaef2dd2e8097421a196c104a2b76c8,0.000712924,0.024623879,5.58E-05,0.421589289,FALSE
6ec1023583647a401269990c4e8ad716,0.011711349,0.069193398,0.000145653,0.004511384,TRUE
6f980c6f3f2ffefd2013c721461cc1c6,0.001294711,0.034068517,2.07E-05,0.795934061,FALSE
6fe15c78022c1b27688de5f58f793db8,0.000361655,0.118120579,2.08E-05,0.086704608,FALSE
7056e30597f229b4acf906de9a4c432d,0.005239625,0.016154583,5.80E-06,0.195918431,FALSE
70745fa69950bfb64db28e3afff2b1e5,0.001817206,0.017908014,0.0001931,0.136691212,FALSE
708b000c48dbefb1454b79108d2a1f70,4.47E-05,0.01831795,5.34E-05,0.753366944,FALSE
72692f8860dd25e796abdda278878b79,0.000395541,0.014775858,2.17E-05,0.468677897,FALSE
72e530a4206f2e4804d502f4dfca8387,0.00489175,0.363980642,7.15E-05,0.165262608,FALSE
72ec78ecd4c30c1ddc64900630f35387,0.000133818,0.024779243,0.000101072,0.699710269,FALSE
7427cc5ba277f690df113d56e5c6b538,0.000617487,0.003714177,7.56E-06,0.541968664,FALSE
742e1f191223f58590661de80b9d6e3b,0.003497654,0.045186206,0.003400404,0.298120522,FALSE
74792adac452eb3544cdc17064d6bbee,4.78E-05,0.048113146,0,0.814882473,FALSE
74aaeb93ba19830fa0e2cc55966371bd,1.11E-07,0.009044788,7.11E-06,0.869458252,FALSE
74d519816d4cfb9cf4ec9605f76301d6,0.001168998,0.010905284,0.000107735,0.315969459,FALSE
756e9c33696716a5484135c832f18f12,0.000596766,0.002058245,0,0.648445331,FALSE
7652ccdd5e6b26735193e6ff07ffb7a4,0.001940254,0.005715699,2.16E-05,0.445046756,FALSE
769723e5a9c6312f2ee3ab2781ac8ad6,0.000107029,0.003157798,4.07E-06,0.756808672,FALSE
76a2a89fb35336e7b117fc44ff915092,0.000297199,0.023058249,0,0.413583037,FALSE
76b39e86c95e0c7dd8b9c57b974f6532,0.000246325,0.02031332,0.002422039,0.815204378,FALSE
76ec16cef4c7230bd9bcad23c56fba9f,0.014597771,0.183502522,7.27E-07,0.055512541,FALSE
7717c98118439762317647199c6005f7,0.003248458,0.042001511,0,0.173039377,FALSE
77607f11477a41f99a4ef032270b77b4,5.22E-08,0.053326226,0,0.484570728,FALSE
77c2dc197e6b3dbebc4ee240c6a1c559,0.001583986,0.020123634,0.000435016,0.677846681,FALSE
7814c2b485cc601b885f117c70bbdf5d,0.000198435,0.014906567,1.03E-07,0.784378949,FALSE
782a79a0725adc6ac22fc1fd15933a12,0.000302843,0.029132735,6.80E-06,0.773302006,FALSE
78500a9f64f33ec04e40892a3f534176,0.008539613,0.058665175,0,0.1859823,FALSE
787ab1672520289680427986b59e3417,0.005516649,0.014770438,1.51E-06,0.160746778,FALSE
79ba9fd704fc7264b695cc0504c337a9,0.004021622,0.038325854,1.01E-05,0.073731478,FALSE
7a3090aa682623800304aca0da51c22c,1.17E-05,0.046594554,0.000100868,0.443331572,FALSE
7a6a394fe7285b50ee54b56f316a3944,0.001775376,0.024496087,0,0.402584823,FALSE
7a6dba47692f821cabeaf266b6b36593,0.083780199,0.020938933,0,1.08E-10,TRUE
7ad394d61d61a814631950655009d828,0.004917191,0.018258534,0,0.177007436,FALSE
7af6fc12809fdafab918881f836460f8,0.023602925,0.000424519,0.000104124,0.001936599,TRUE
7b25fe2a8e4d57a05ef403d1d0e831e2,0.003122715,0.028212785,1.84E-05,0.41747883,FALSE
7b28c20e72c6c95b3e604f0849245770,0.002102572,0.010435661,0.005995348,0.493475966,FALSE
7c104699e795bbf45f90fceac906e6b4,0.003688108,0.100622801,8.31E-06,0.356315634,FALSE
7c3d7711fd15460714ece118b35c0576,0.003719004,0.006067711,7.75E-06,0.11457447,FALSE
7d135dfbf857c62673695ef24332b100,0.002477797,0.01032727,0,0.274960139,FALSE
7d2402f1612fe6c2f5c20bfda4a90aa0,5.44E-07,0.137922411,2.11E-05,0.457378395,FALSE
7e7d68f511a7019ad4a8d6b9b8138e34,0.000716775,0.06917902,3.25E-05,0.826286318,FALSE
7ee3e4343242684ba3ce459672348ff7,0.009619266,0.02465501,3.25E-05,0.02618955,TRUE
7f68cdb24a46c3c6121ad93e2bfcbe57,0.002066116,0.035561392,1.05E-06,0.541909599,FALSE
7f9c14ef4eb251a43b71add4c10a821f,0.00041764,0.020707808,7.80E-05,0.765754914,FALSE
8001826dafd338cf078dd28c2eae05ed,0.003646743,0.018611824,0,0.446385586,FALSE
8135beec331a8d558070c38b580e4b8e,0.000420139,0.011148877,0.009875948,0.716675661,FALSE
818434292143daca42a3168f3728da82,0.00037306,0.011383686,0.000983966,0.765713082,FALSE
81b0af5710b83eca45bef65a75f7794f,2.58E-05,0.001468147,1.89E-05,0.990451794,FALSE
81d8bf5f800f7da13be5d9afa704b5f2,0.007147634,0.010216845,1.37E-05,0.085778138,FALSE
824b9c5e131ccef5ab3286cfde31640c,0.000170177,0.010326595,0.001842063,0.737581738,FALSE
836cd5ea357ad392c00a7e48d921be1d,1.16E-05,0.013350954,0.004562401,0.970275501,FALSE
84aaf0e8aaafa4138e3a8dd837359272,0.00068574,0.002806142,2.71E-07,0.757209821,FALSE
84d5a713b1d46f0e0e0f7ba784e9925d,0.00127265,0.020256872,0,0.399074699,FALSE
84f9cf6d08ccc7adb4e945c4fd8be494,0.005870613,0.015389441,0.002006089,0.110343761,FALSE
8538d07b8c1e8676f9b9c8c242aab14a,0.021846675,0.025414838,0.000326323,0.000202618,TRUE
85c44c83eddc5d3028261a1000b7d0e1,0.011069748,0.110560481,5.20E-05,0.061178067,FALSE
8646bffa210e3f061cc57f1b1cf2f751,0.017727664,0.011711759,7.21E-06,0.00556733,TRUE
868be84b9daccd25a648f872c8d5e9ab,0.012216321,0.014417497,0,0.011584481,TRUE
86ff0efd7fd88b82809500c90c4a7832,0.006241573,0.068056973,0.000312308,0.023227823,TRUE
871b99772b7ead3ed8a217f566729af6,0.002148672,0.010610642,0.000138695,0.392471554,FALSE
8795c5a86013864dc11f24b89e8cdd8c,0.000373344,0.017458884,0.000991744,0.4161906,FALSE
87c18e8ee3789954404f2c1a35079a09,0.000588771,0.003049012,0.001334574,0.719152992,FALSE
880005af6ed906f0687f0a3f95a078d1,0.000789462,0.129792959,1.26E-06,0.896485027,FALSE
889f033ba9c5bb9a721a2c7c84816ca6,0.000354135,0.007421839,1.05E-06,0.380930383,FALSE
8aaed79d6563ff7925c774e39b662a14,2.16E-05,0.017532856,0.000380342,0.802347837,FALSE
8c8a105de3169d2d55fcb9cfc2f52cf9,0.00682255,0.015163586,3.17E-06,0.175424942,FALSE
8ca0b9917d926bb6241ce6e23673fce4,0.00164587,0.053578535,0.000176988,0.376879417,FALSE
8ce212aaf7d867e84eab351d75eeecfa,5.14E-05,0.012135094,0,0.751835738,FALSE
8d1761da3df16fe43e34eea0112ba8fd,0.002528706,0.000295868,1.32E-06,0.331682187,FALSE
8d5153b41e59c5ffb5a1fc080eb784cf,0.003353008,0.071013914,0.000258944,0.030963552,TRUE
8d703908c09c7cb0da2a4398dd74f9f8,0.000245782,0.011874586,0.000257362,0.566872841,FALSE
8d7e1465fbc2323c5155ea4c76dd520c,0.000338876,0.026788135,2.17E-06,0.862740659,FALSE
8e175abe6a746b8f33bae9cd7c8192bb,0.002275248,0.093240422,0.002595323,0.212372564,FALSE
8e2daae0f076acb2d186378cb883210a,0.019430717,0.017880636,0,0.005512239,TRUE
8e493df449e84acb4e24f5811ff3599b,0.00965864,0.108836175,1.08E-06,0.090329769,FALSE
8ee6f70260b29cb40fdff8d4500ae32a,0.009459119,0.010985304,0,0.033484068,TRUE
8f4dea09ecd34aac65b4fdf5d1c37ff1,0.001396834,0.029741217,0,0.335101007,FALSE
8fb773e61e6ee7f5e0fde91cb4d2df09,0.000878132,0.001537987,0,0.529086222,FALSE
90172aa13aa16cc5776df1ea10660ae1,0.003366012,0.015209607,0,0.258961519,FALSE
90af3675c266d09bb7986147ac5885ec,0.000783044,0.047576919,0.000159014,0.619555366,FALSE
91587a85e342f8dba27f54e15ac0ea77,0.02073361,0.010181896,3.51E-05,0.000337072,TRUE
9192b3275c36e56540678451adfa601f,0.004668957,0.06262051,0.001247402,0.065170535,FALSE
91a4a359c89df1285645d1853290d71f,0.001753123,0.018250596,4.52E-06,0.203686444,FALSE
91c6bd1773aaec302882b43aff6babc4,0.005208743,0.318182735,2.29E-05,0.24027639,FALSE
923f521b9cf313f1f95c9367e09bbc1c,0.00398562,0.018502035,0.000203726,0.148763853,FALSE
923fed1e3a5c67f886eb287b585a924a,0.000203522,0.165294046,2.92E-05,0.289859933,FALSE
9282e20164736c7ada9bd98d04654b5e,6.07E-05,0.015547369,0,0.931570388,FALSE
932965d7ed2166402b521fea7a1029a4,6.13E-05,0.009082915,8.94E-06,0.995700979,FALSE
93b489e06301f5b6b413aa6876eb1635,0.009238039,0.035587209,0,0.179157943,FALSE
945184b6386c192c0066e0a98a154780,0.004377558,0.010942689,5.77E-05,0.223143509,FALSE
9484afed9f64641667938e294c07fe7c,0.000740471,0.047094377,0.000280194,0.395717183,FALSE
94928715987dcb9638dd5c0e8f9b20f4,0.003142774,0.01293599,0.000168188,0.235180681,FALSE
9580aa8a52ec18a4e92e701cdb595faa,4.37E-07,0.027111065,4.74E-05,0.988057585,FALSE
95fdd816723ca482a5caba10bea171c8,0.000534038,0.120839469,4.23E-06,0.661685994,FALSE
96040114b5274bdb987f28c63b6b6b87,0.011237148,0.07399021,1.94E-05,0.002398276,TRUE
9639a3291729a3758207b47715d9205f,0.008920128,0.026699176,0.004435376,0.018334551,TRUE
96cf4779be686036f92ee15e58b72d52,0.00260121,0.059136548,0.000284224,0.394962043,FALSE
970061e73ce91ac85fddf205224d8322,3.59E-06,0.063602161,0,0.637268988,FALSE
973ca62579b1246f54829278d51475ea,0.000406319,0.010769344,0.000340445,0.593329719,FALSE
97a604f0b7677461325e10432ce78290,0.001434773,0.017637842,2.10E-05,0.29272418,FALSE
98733e7d335f309921890faeea796c8c,0.000126,0.009347585,0.000240826,0.87316002,FALSE
989f2970e8c86c75bf4b205be62fd345,0.012786552,0.013236355,0,0.022684448,TRUE
9904009a0e14e24b0a6e25eeeeff3e95,0.000125978,0.023575762,3.27E-05,0.917258111,FALSE
9908fffab7ed4f3bec44cda2f5084d49,0.00421531,0.029966063,0.000111,0.33596893,FALSE
99deb3c5ecb022ec05609ebd1112a557,0.00356974,0.003011802,0.017849936,0.253933887,FALSE
9a5aa6a7450c2a783e9c66b855db6b23,3.56E-05,0.032035781,1.04E-05,0.77806849,FALSE
9a91e2e1c9d7c179afb558a3fd4664fd,0.000295738,0.058272313,5.52E-05,0.460024949,FALSE
9acb555d3c5dd77e9035a661e7ad1bb6,0.001222601,0.009055695,0.001839694,0.421441684,FALSE
9b12ea14bff8a37dc1d39b36b5b904d6,0.002178948,0.008538264,0.000509273,0.436202202,FALSE
9b6acfb0708fe91f75081d6801659932,0.001522157,0.002820631,8.92E-05,0.252071842,FALSE
9bcdff78f108f90ce33eea9907c345d2,0.001604487,0.019007983,4.93E-05,0.720056628,FALSE
9d2b385c3ad2c3abfa96058922b00164,0.001801474,0.020441184,7.26E-07,0.122323963,FALSE
9d5054752ed33d6a22bd0f96b5618b1c,0.001131505,0.009127988,0.0037174,0.692120201,FALSE
9d583502f595e3a521989b645d50e327,0.000465958,0.016685,8.15E-06,0.977652756,FALSE
9d88acce7b2f13b58bf95d2f17ec8c2f,4.05E-05,0.003498021,1.43E-06,0.881173398,FALSE
9db6065dfa5f306778c1a370f3267d73,0.000163306,0.086801362,0,0.309049239,FALSE
9e0326554068ca2dfdaf5f8ab043fea8,3.06E-05,0.097009506,2.31E-06,0.395638277,FALSE
9e1f282914b07cd79711ce21e7cf4aff,0.002721905,0.030501157,0.000842463,0.218264099,FALSE
9e3226efaf559eb14a478f880462cb8a,0.002246943,0.003674231,0.004168691,0.464838221,FALSE
9e9c4270966cf507485654eb33a69880,3.13E-05,0.012030047,0,0.889106588,FALSE
9ea77e95fbfd1a99c9c28db3b03a01a8,0.002412436,0.009952495,1.07E-05,0.289969256,FALSE
9ee9d7f1e7a96963f1ee2668f858fced,0.016193187,0.029355093,0,0.009340768,TRUE
9f02839251e1419ee447381f263b14ed,0.000137565,0.019654454,0,0.804013558,FALSE
9f1c7313b24bc98241173ae7db699bd0,9.34E-06,0.146490319,4.41E-05,0.706661999,FALSE
9f7720d3cc7e4078296706071455e451,0.002700387,0.043201864,3.02E-06,0.325337215,FALSE
9fec7bdd6bd88e710bd69b15692e54a0,0.007925728,0.014484896,0,0.015533264,TRUE
a1642ee93cbc5a4d6b2816c0a116cf42,0.006370027,0.025784416,5.37E-07,0.054464827,FALSE
a18c0c17fce3d52dc60506e8730bc996,0.019223842,0.002574754,0.000711477,0.002904908,TRUE
a2217cc8df6a4c209aee7f31a304c2b0,0.001164233,0.058853355,2.65E-05,0.434374318,FALSE
a248d70e41d75f4773ef7c94e831a21a,0.005765001,0.044565962,0.000114362,0.039581655,TRUE
a333ee090a52b582e1a0e2dd776eb937,2.85E-05,0.028894566,3.63E-06,0.755646658,FALSE
a3738f297ddeee5f739572f65dcf5f58,0.00137329,0.012534168,0,0.19060441,FALSE
a55a010c9525ce2943a553dca1421b1c,0.01291774,0.071584466,4.48E-05,0.001346214,TRUE
a59281c2e5b485694bad1587ee5e4e6a,0.001530376,0.002027012,0,0.670365191,FALSE
a5a4b4d58bdd795871acf39629c9e584,0.002276972,0.117022854,6.11E-05,0.070888029,FALSE
a62fa6e25e8805dafe5b628529c90023,0.006044912,0.046095411,1.25E-05,0.270177867,FALSE
a63f65ad0f7a1ffc9e5ea828e95cdd6b,4.84E-05,0.061495906,0.00092788,0.696401005,FALSE
a663a01aeb4dbb88bbe0a9840e8f64dc,0.012606728,0.018117553,0.000225253,0.014597324,TRUE
a6d3beca765c1e2453b658614facf89f,9.12E-06,0.006570966,1.97E-06,0.796790067,FALSE
a72bc4bbcb65e31aac628de5b9a9b0af,0.00728861,0.060616168,6.15E-05,0.179562526,FALSE
a730ef0685ea600be854be1842a6b362,0.003612165,0.014110941,0.001383149,0.26914268,FALSE
a78f5a615f91a760ffc238c7c4ce3056,0.000724891,0.003790986,3.85E-07,0.44825893,FALSE
a7e28b3f4879359a929a0da8c8557757,0.000299904,0.029209365,7.48E-06,0.562534946,FALSE
a85414d00d7f63d6e200967b1ba7d397,0.000621499,0.021767072,0.000504354,0.3428636,FALSE
a891fb44241e433fa8acf251ef4d328f,0.010866733,0.12899732,8.90E-05,0.003134997,TRUE
aa052f6ed7696840ff494c82879d3e1a,0.001044597,0.00864802,2.74E-06,0.428975398,FALSE
aa15b96f1440d573b821009176a759cd,0.000978194,0.05306576,0,0.90060211,FALSE
aa9c49ba481ae61591972fc4e6bfa3d4,0.000295781,0.059857022,4.56E-06,0.845581755,FALSE
aac0099991c8518a5268b1a19a84550b,0.00784702,0.041722997,0.004027518,0.218789346,FALSE
aae4c4ed528ae16ec417df816699cfdb,0.010731363,0.06897055,0.000220371,0.008543679,TRUE
ab149525cad479f6599c7923acc49691,0.016732811,0.008352335,7.67E-07,0.001704436,TRUE
ab1e4aeddde9eb4e80144c135051d941,0.000335783,0.004927564,2.80E-06,0.745628893,FALSE
ab4040fe8717efa3f115680ae82cd72a,0.002114374,0.011979905,0.000982884,0.132219618,FALSE
ab9899b443255cd34e51705c7b8ea201,0.001612952,0.089416163,0.001209841,0.841390549,FALSE
abee0e7fcc28204ca55bc2b16e140d5b,2.10E-06,0.041072451,0,0.637389758,FALSE
ac4274f46d9ec670be0cfb4126304a8d,0.00741182,0.022238522,0,0.112459226,FALSE
ac603e12c4b975609374395b148a0a79,0.008191155,0.031646029,0,0.10855712,FALSE
ad03570a6623c3fe543fb52f514b234f,6.99E-07,0.0093638,5.05E-05,0.963866091,FALSE
ad139328ba8ac39c2e5ccef543df2deb,0.0012871,0.017080376,0.001291683,0.514645318,FALSE
ad71b192343facecd54843bccb0470da,0.000742239,0.042741874,5.32E-06,0.272938136,FALSE
adb33442e0d50f08eac8ecd41cafd4ab,0.00248629,0.01966649,0,0.447866728,FALSE
ae718fc0d3c7bb18fbba060616d5e2cc,0.000664778,0.014035033,0,0.52743426,FALSE
ae94aa5faaa29c5abe3821ae721ab961,0.000325682,0.049226377,0,0.912396841,FALSE
afe1dc97376cf249b67fa422dfa32477,0.002644815,0.022312451,4.54E-05,0.208236029,FALSE
aff3962bbd7607a2971161d9840ca409,0.014788715,0.039040349,5.85E-05,0.000508604,TRUE
b044a86e33a67caceb0a9f59149747ac,2.20E-07,0.003887557,7.14E-05,0.911390794,FALSE
b0e56c25ca193e27096e8fb4eb560eee,0.003579555,0.035813136,6.04E-05,0.574620483,FALSE
b1162bcb5e03ffb9e3911aec18b6f761,0.000203206,0.064478086,9.51E-07,0.864554372,FALSE
b1479e74e93e243fc221f7c8b415f507,0.000821879,0.064731708,1.38E-06,0.303300965,FALSE
b15193fce14759d1c06728933e044af6,0.000270864,0.001993975,0.006803008,0.878233437,FALSE
b18d893504d87bc4f5fa46ff3229b88a,0.000231878,0.014491249,0,0.71419724,FALSE
b1d8e09561b600103cc3d8b388c02478,2.23E-05,0.058436639,1.78E-05,0.561194772,FALSE
b1f0b65b560701f74c4f43db4234d6c9,0.000227584,0.017042459,7.43E-07,0.627170137,FALSE
b204a17b1a7f29074d81303d5ca68464,0.002192581,0.016125692,1.36E-06,0.377238773,FALSE
b2062ae94fb00a931014b67b499295a8,0.0013594,0.010057694,0,0.445418059,FALSE
b354a1e7a29c4f05aace7e65edc75c7f,0.000697694,0.016274993,0,0.908384455,FALSE
b452284fca181520c11d087351ff43df,0.002770695,0.034215641,2.41E-05,0.434577576,FALSE
b4cf81c7acfe279300da8fd8a8ee9ab2,0.000857535,0.0056695,0,0.472572138,FALSE
b4d07c2a22af0c99c73cf9722200d878,0.001167791,0.043772817,0.001125792,0.554555903,FALSE
b4f28264f150902936030ef29ce2a10a,0.000228887,0.008267915,8.03E-05,0.821694557,FALSE
b566a93d1c03d8c54a5e167b00ae9cc5,0.001640177,0.014660561,0,0.191458459,FALSE
b5a69fb7a66fdb2bf437bd286b439706,0.004492368,0.019165921,0,0.047260764,TRUE
b621d4b3cca1ec89ceca12efca8a94fb,0.004840042,0.019723179,0.000510984,0.080951406,FALSE
b6508672e10c994ae004f8ed630be7ed,0.000264505,0.074747278,6.55E-06,0.254276942,FALSE
b6b86531ef8d5b24a2b1f0d0cbb40c76,0.003069536,0.018054921,7.08E-06,0.121118849,FALSE
b6ecd20f301035741915d6c32bda2410,0.000269714,0.052267126,0,0.407184944,FALSE
b6ed1fda48450bc73938e1aad922a581,8.48E-05,0.013295044,6.53E-06,0.905719481,FALSE
b726627e18f29e0da5289f81ca294f92,0.002613841,0.047609434,0.000194201,0.089477709,FALSE
b76fb65897eec48dec94d23d66c0f8f0,7.56E-05,0.016139147,0,0.805124721,FALSE
b78ebf1bcece3137a70ebe7310d29bea,0.004292318,0.018280364,3.04E-07,0.114868216,FALSE
b7bd3c9381627856472384813fe3b213,0.000403257,0.014436732,7.84E-06,0.808368924,FALSE
b7e5e417da183df1d5cb33a51a10991d,0.000329806,0.010776665,1.72E-07,0.575553849,FALSE
b892a377de283ef34540e60931454d35,0.000354704,0.050909087,0,0.388983231,FALSE
b8f3e25d11280a9e2189700e107de07c,0.001760395,0.046407318,4.79E-05,0.187770033,FALSE
ba64f4fa502258a89d2b7468af3cbb28,0.003465178,0.027119105,1.42E-06,0.101927867,FALSE
bb518fecd8ffb68f2c76deb00d50f592,0.001246542,0.006975083,0,0.449744231,FALSE
bbee9f3d2ff7eae779b70c7ac2c971e4,0.006260441,0.549816548,8.71E-06,0.21910396,FALSE
bc6a59a66d65219dc321649375b9be2e,0.004545099,0.0352936,1.88E-06,0.300004617,FALSE
bc7f6c40d5f8e134763db884ca78cb1d,0.007605085,0.011502379,0,0.032893205,TRUE
bd5ef8f372e09bcf6ec35825be4f053c,0.004706444,0.006934321,0.004277718,0.085894666,FALSE
bd6cf3f5a66cefd7b96fb6cf75d23cd2,0.000149907,0.005901471,6.24E-05,0.725164847,FALSE
bdb6ddef008a6d31c019642fb28d7c1d,1.42E-05,0.177096156,7.14E-06,0.239071497,FALSE
be5cc85bd2ac16b6ae446fd24b1e2308,0.001593646,0.00749242,9.10E-05,0.309544678,FALSE
bea2245c01baedd6d4a6d6e4e857f9f6,0.003658762,0.025292115,0,0.223549516,FALSE
bed671b4676144142cebd192b690f499,0.00489926,0.121602933,0.011500504,0.644055069,FALSE
bee040b0942c767b368519c4706f8cdb,0.001486094,0.000719389,6.28E-06,0.297066204,FALSE
bf611493002f5918a68778bde2def567,0.002042004,0.015227038,0.002623928,0.447472074,FALSE
bff072be6820bb768214374ffe47a137,1.84E-05,0.00167587,0,0.993418102,FALSE
c0044f57ec04cd70905d690c5b7bd147,0.007668903,0.030710882,0.000133233,0.024446954,TRUE
c072b53a13bb032cf7ebd84b996bb18f,0.00083528,0.022122813,0,0.16821731,FALSE
c0a8f5074b73b0648d1a21b1f3d8ffaf,0.000658672,0.03986612,0,0.755990328,FALSE
c2214f5c48ce111caeeb8f928ca5b648,0.000644502,0.013009427,0,0.368881153,FALSE
c24e0e391aa836b5eae25567c7eb89ee,0.023625029,0.020342415,0.001548007,0.001419714,TRUE
c26af4c22f01bb994a68df0c15a529a3,0.000466502,0.096474172,2.07E-05,0.213986608,FALSE
c2da7cc0247443dccd2e3d6a62f7be45,0.001779733,0.085432747,7.41E-05,0.114340332,FALSE
c3337d877a02fb500fc37be8aa4fd234,4.04E-05,0.09328125,2.66E-05,0.647793515,FALSE
c3f21101b8845fd1c974cb14578fb119,0.000193817,0.097055809,4.23E-06,0.697693919,FALSE
c48070f3061b086b60ff32f77e0002fa,0.01195874,0.003758573,0.008661965,0.031397995,TRUE
c4f0710eb90cbedb839c238b591f4bb9,0.000115453,0.023942286,0,0.966748661,FALSE
c532c2c02cdb1cec71b6500c5d6c2edf,0.04448868,0.045847567,1.50E-07,2.82E-06,TRUE
c54ecd701d322d197b9000b235740969,0.005588314,0.015129809,4.07E-05,0.129733226,FALSE
c5bbe83eefb639e05548b52ee3aae3c6,0.000215863,0.112951352,2.58E-05,0.22392996,FALSE
c5ec23b5e73a33133aa0fcf9acd58650,0.003095962,0.083284339,2.79E-05,0.097980147,FALSE
c5ed5baac8c4ff452a1e65a58e880bfa,0.001510349,0.003840785,3.48E-07,0.597760818,FALSE
c66ec67719e54d2cb0afc3154b3c23af,0.012552667,0.009184491,0.001321209,0.009700899,TRUE
c67445ed68d61f49e41b7bdd1de019fb,0.047515122,0.008614973,0.000296629,1.94E-06,TRUE
c6b90711837508687841b1d5cbff2f65,0.000315777,0.159901624,1.00E-05,0.218954582,FALSE
c6c3ab4e828fb40d6e05967b7aac9338,0.006769709,0.078923094,0.042986138,0.278808211,FALSE
c7710d6f144476667c42e65e2ec71053,0.001887438,0.058281593,0.00020022,0.732867902,FALSE
c7d28b7a0a9a95666a7a6df27bdd7472,0.000600844,0.000763123,3.37E-05,0.77121302,FALSE
c81d2bd60b0b2a355bc6e63534ecc66c,0.004272038,0.048766974,7.27E-05,0.075236006,FALSE
c84d13308b8608a006759b82fcb5e4ac,0.008653905,0.002368349,6.98E-05,0.045403421,TRUE
c9487a3260aac1c2c358a02bf68935bf,0.001168221,0.025686304,1.75E-05,0.625460691,FALSE
c97ea25ba069877eac769cb05968724c,0.023846013,0.017366958,5.99E-05,0.000193139,TRUE
ca72a089674006d2e9cade617df3d5d7,0.008842118,0.041042806,2.06E-05,0.067987138,FALSE
caea322863a57bb2b14c7317fa120dc4,0.013902867,0.006530562,0.000435988,0.004302894,TRUE
cb3bfa7ac2b500c6a49d88ce9412dbea,0.003273,0.001731915,8.02E-07,0.126720051,FALSE
cb7c9a82654d3ef267e1738cb0fe5569,0.000143625,0.076777583,0.000146853,0.60672307,FALSE
cb89e1b7ff82a658c8def6e75f5c14bc,0.000942014,0.142753584,3.51E-05,0.98568672,FALSE
cd5b7f7211526a4109099a6fd4b01aab,0.005691658,0.054322688,0,0.032330666,TRUE
cd604e575361dd5195144bf8e5007cb7,0.000792629,0.142963146,5.58E-07,0.816302405,FALSE
cd9401a6bce4a63af516d06d2a843f9d,0.007392989,0.010767533,0.000132458,0.039360391,TRUE
cf0e29b1acfd7c9cc92b326cbfc88908,0.005630352,0.003626887,2.20E-06,0.216050923,FALSE
cf4a3714646f3c97bb3489da222228b7,0.000980271,0.014313706,5.19E-05,0.553212798,FALSE
d0833ce681acbdd482a03911d447756d,1.18E-05,0.228862108,9.48E-07,0.22974115,FALSE
d084475ce17d67557615ecfb105797ab,9.20E-05,0.037578419,0,0.81813664,FALSE
d114fb4c335125128be28401522dd41a,0.000646769,0.05143127,8.68E-05,0.761314868,FALSE
d1a75593a480570277f05ec729b865de,0.01690534,0.074371086,0,0.013049094,TRUE
d1b9cd324ba837bb9f2e780dc1116882,5.35E-05,0.010739564,0,0.861290197,FALSE
d1dfa014363e0f9510af2b404d268409,0.000152987,0.003018341,1.09E-07,0.673119211,FALSE
d20b46e3c9d79a8e49a48f112fc03d4f,0.00138939,0.010401745,1.80E-05,0.657060384,FALSE
d380b9ae91e3875a70ff329e4889cb72,0.006463326,0.034248125,0.003446706,0.189479238,FALSE
d4454a4ebd63a8e375dadd2632588f59,0.000214601,0.016500572,5.10E-05,0.825677202,FALSE
d46e2205f0c6ecf67b51f83d111c509c,0.014162917,0.028119187,0.004667222,0.007999701,TRUE
d49783e7800974b5f2bcce554e26072e,0.008565408,0.052824462,0.000182245,0.025182477,TRUE
d515ae0a0b58aa13869a5966a80c98a9,0.012687443,0.063315089,4.51E-05,0.017202157,TRUE
d5278c84ceca328330b2b932c3e705bd,0.000893771,0.016261627,0,0.47973325,FALSE
d56fd4c21346f6d694c7e638f6bdcb70,3.39E-05,0.022357425,8.07E-05,0.711204218,FALSE
d611e03044e800bf023cfc92bec2106a,3.42E-06,0.002529255,2.66E-05,0.900104372,FALSE
d61d182d52a4a2670558d6160246ffdb,0.000801698,0.018383734,0,0.599652001,FALSE
d622c6bc1d5e3a4f0403d7d208981372,0.004482621,0.046909361,0.000933277,0.090718495,FALSE
d668488fa839c37c80ae10d320cf3665,1.93E-05,0.069281385,0,0.556257699,FALSE
d6a526b572996ed919a3e009473bc860,8.50E-05,0.046159893,0,0.296155681,FALSE
d6aca1ce3a8896b5a4ac550a4108ddd9,1.77E-07,0.014978055,0,0.986715832,FALSE
d71feb1923fa288790187009e8efa6d3,0.001339443,0.079105993,0.000970373,0.222725681,FALSE
d76d59ec71de0e3b22da0c9cd564d41a,0.028046303,0.077187561,0.010986773,0.001478501,TRUE
d83f60183d81253a505beaeef3cd168f,5.50E-05,0.02122819,0,0.856069203,FALSE
d8a42db5c61062f2a7b11fcdf03a65d5,0.002108576,0.046914038,4.36E-05,0.166065223,FALSE
d8e7f9181e4d5a4a6453e9ca9996a43f,0.000829268,0.001249585,0.003500984,0.498870994,FALSE
d900eb33f6b4bc449aab64df16ae18b2,0.000173094,0.028289581,0.004733322,0.75867795,FALSE
d969ff7a11c25dc9b04c6eb48a6ec8c3,0.000134188,0.057993449,4.86E-05,0.453709107,FALSE
d9eea834805833ac21a86fdabedd8556,0.007898125,0.011579016,0.002209655,0.076675126,FALSE
da1d26d90a7443d34675778207d2c227,0.001849813,0.092570386,6.49E-06,0.752516463,FALSE
da6a7cba87e0895b9cbe6037b9bd8b3b,0.000476646,0.04521027,1.96E-06,0.450045781,FALSE
da8644094f1d480f3b3a6a03a7027ab4,0.026781622,0.034757037,3.82E-05,0.000881167,TRUE
db30710da37e69642cc4285ba7316773,0.005892441,0.057742818,0,0.153847986,FALSE
db74b0f5f9e396a0c984f4a1a039b60c,0.00211298,0.012394701,0,0.487263836,FALSE
db7f42d2a4ded289e177bb4c00edff61,0.002262725,0.020730339,0.0006077,0.108653272,FALSE
db92b30aa17c8d7700a2155e11f3d311,0.000170749,0.067177103,3.01E-07,0.717409577,FALSE
dbcdaca3ee9e9fe75d8829e87b8551dc,0.000100809,0.047641116,0,0.662354379,FALSE
dd46e2d5cd81a8add2304556257a92f7,0.004057231,0.03357364,0,0.108087756,FALSE
dd80e0a50520c9481217ccdf670781a6,0.000188972,0.002999628,0.000112682,0.409374563,FALSE
dd918c333e5c4fef9c92068fddda1c3e,0.003902601,0.023676693,0.000346606,0.21265986,FALSE
de1e58dc4b4839c49dc701d8d7592a93,0.00055638,0.037983439,0,0.858691005,FALSE
de641e423b4a00fd0c6ae6fa5d27e866,0.002911786,0.034032443,1.86E-06,0.250238018,FALSE
de68af3f62b2b04e42f894e18839bb57,0.00019105,0.031844167,8.45E-07,0.873397161,FALSE
df14354ec277348c54d0c9dd49eb4da0,0.004304951,0.010742477,0.00074342,0.149927611,FALSE
df16a09f3e448ddd3b1ec54066d3081d,0.015164461,0.00824447,0.000162907,0.010069769,TRUE
df8456a1abbfb4c8a2c450b44378d4cb,0.000383998,0.077432798,0.000198571,0.555725354,FALSE
dffd48b1005574979781e104156691c1,0.000773681,0.027455021,0,0.826822081,FALSE
e02967778c804350d971534895b0dfae,0.001737921,0.037677668,6.65E-05,0.384055526,FALSE
e039554b1f3ff16d39369c5b7a2d9605,0.003177931,0.002765426,0,0.265121103,FALSE
e0cdaf99e96ca363991154bd1da46a59,1.03E-05,0.016293384,0,0.917695978,FALSE
e220e84c750738e230e8ecfe97decc4c,0.001286441,0.041859055,0.000531752,0.314795184,FALSE
e2cfe099d4a73a03ac5f80d4f8369dbc,0.002419188,0.006913243,0.000468497,0.299858458,FALSE
e335f74033bc634af43ee6baa84fa247,0.013573934,0.045098734,0.004372488,0.010925947,TRUE
e35e7d4cf6b6c4837a7bf77ca88c05ca,0.006939646,0.014307272,0,0.025524741,TRUE
e367dacc4cf58de7164775e5899d4ab2,0.002258685,0.014296533,4.66E-05,0.2869877,FALSE
e4ef1c7b616eb842c0ff7a327e83bd76,1.05E-06,0.014365326,4.58E-05,0.933716155,FALSE
e4f195476bffa394e3048063f99360ea,0.001895026,0.047269968,0,0.191287338,FALSE
e502ebea2a54a6f839d310d6d57e7d47,0.061612156,0.017381104,0,1.66E-07,TRUE
e5bd5a5c7c1fe29892ebff584483a1c4,1.69E-05,0.023113167,0,0.920662173,FALSE
e603a72ebbc7a4fcb5a657b52c3e8c50,0.003302324,0.020631087,0,0.313755368,FALSE
e657205bc51c1db7e6a38c33a084749d,2.74E-05,0.013142201,1.48E-05,0.99266492,FALSE
e7cfd084265c4df4856ca07b1c9b24ee,0.001519768,0.046680459,3.10E-05,0.584589764,FALSE
e865f29a716e8d51f83931befa951240,0.02743784,0.009249777,0.003581602,0.00030102,TRUE
e93b313352019b8113e7fc66bf757917,0.069637914,0.099298027,8.52E-06,1.58E-08,TRUE
e9f900358bb9297e10b9fbb1321b1e6e,0.02399196,0.043509609,0.000235275,0.001893253,TRUE
ea00763b3eff28e6e109d14cb2cff8d5,0.000644295,0.020416347,3.60E-06,0.721480106,FALSE
ea52488235f530227f65a4c6e3b27aab,1.11E-05,0.007622447,1.31E-05,0.705490913,FALSE
ea7823427b5854bc784da136aa27d777,0.00050532,0.004243188,0,0.540295335,FALSE
eb2c67615eb41fa15a21c4d3a12528c6,0.000400731,0.004746196,0,0.771018311,FALSE
eb51a6482b09f0c5962e362d2d23abb9,0.020711251,0.002675137,1.48E-05,0.002407209,TRUE
ec6732c2e0d4cf64b3d0350e7fe3defb,0.000396212,0.070761482,0.001405652,0.174486144,FALSE
ed8746a919274371bea412882a1c6bb5,0.000827217,0.021672658,0.000204202,0.790114137,FALSE
edc9e5c16e40aff1eadce6597940f08f,0.001068712,0.043343324,0.000405981,0.255828409,FALSE
edd418053a744b62aa296a5a85039b3a,0.022092304,0.036245271,1.51E-06,0.001634167,TRUE
edf42f357f8934fc004c334c5c7b5e6e,0.000407352,0.014387315,1.77E-05,0.55407152,FALSE
ee5b57a629da222ad236b5d4bc329d71,0.007423044,0.014021125,1.37E-07,0.019749941,TRUE
ee6f1ad3007b7380824da57876e6c8c3,0.000294474,0.013886901,0,0.926900342,FALSE
ee72ee97db064e5d745356f479b9e576,0.010631306,0.02407424,0.002674771,0.014062277,TRUE
eebc27bcf8bcb13a692001530892f5d5,0.001796392,0.072165795,2.07E-06,0.119132035,FALSE
ef1243f7818d1e35c1e968e8539173cf,0.011085753,0.018413426,1.11E-05,0.012584017,TRUE
ef6a209f17415ca40777d4f3e0459647,0.00554309,0.01184324,5.96E-05,0.126463428,FALSE
efa231614a5eb97a385a5cae7b440348,0.001761659,0.004781953,0.000126475,0.555213196,FALSE
efa934e07029e49f4b1959b33c677589,0.000184011,0.331396896,4.20E-05,0.63575956,FALSE
f0015c3b64e80303ed3d858f0618bc43,0.003899128,0.048940055,0.000186549,0.243562654,FALSE
f005c8c557afa9e8ed92a77753fc6770,0.000877423,0.023080534,9.59E-08,0.741789731,FALSE
f3384f1f36a908bd09b3c265bac26f8c,0.003642388,0.014727016,0,0.182410537,FALSE
f35b00aec9a541d1f96cbdc1c6ae68a0,0.006231191,0.005013769,9.34E-06,0.131579071,FALSE
f479c23321346918723839e33a3544f4,0.018836889,0.004910143,0.000734922,0.003199212,TRUE
f4cc6e4932f507b33d1335d801f54563,0.002929907,0.009630413,0.002290039,0.231067973,FALSE
f50508546ae13143015f8c4cb976d0e4,0.013480287,0.03680574,0.000335264,0.006083894,TRUE
f55d22a8e61d493b7f4c5e3f09326add,0.000584457,0.029106818,2.09E-06,0.283177284,FALSE
f5f5e0da89730462abaf6301a9557193,0.013016443,0.013040573,0.014637544,0.005231633,TRUE
f663dd604f793f22ce20452b09494608,0.001141639,0.017967201,3.54E-06,0.750284967,FALSE
f73bc660ad02cf25a2e30bead37e34fd,0.000179027,0.020166744,0.000201738,0.94773625,FALSE
f7870a4e6cccb8a029cf6f0091c106f5,0.000478098,0.009833297,0,0.529335639,FALSE
f801c7a8ac9c5fbba79b652ac9d82a13,0.00029437,0.047522008,5.92E-06,0.544800914,FALSE
f8d0d5caceea62f4be2477d29163f163,0.000528142,0.007900645,0,0.868107198,FALSE
f8d1b6567bca78638227d413f6170e06,0.000392776,0.134194766,1.82E-06,0.700534957,FALSE
f94b14e11dfe405e48976839ca380380,0.007169695,0.033130821,5.44E-06,0.193456555,FALSE
f9612c98d79c37a803a973724113cef6,0.000792424,0.003971819,0,0.533303619,FALSE
f98dab4619ff896a9cee45a9b9ddc792,0.002461896,0.141045759,0.00016806,0.884569723,FALSE
fb428d07d03e32be0b85eacbed10df0a,0.009733415,0.041946255,0.000303013,0.043381285,TRUE
fbd67349783ebeacc69814257b694d56,7.03E-05,0.001470477,0.000208538,0.906764814,FALSE
fc00ed40b15cd5fa384b672502a3adc3,0.000535331,0.011853598,0.001022131,0.851527502,FALSE
fcffedae608fe4871be42936a1cb523a,0.00052391,0.039533024,0.000353658,0.396513262,FALSE
fd44d4cb468fd7dc9b3227867714ed87,0.020182684,0.014022478,0.004557186,0.000778626,TRUE
fd496fd32dc8c08ade2e8b6c9d8ee13d,0.019829174,0.017248949,0.004389429,0.002455661,TRUE
fe1d758f268d0c3fe3c677aed90ffd1e,0.000480005,0.002018731,1.22E-05,0.631637191,FALSE
fec2da4ccc40b9ad85a020553063366b,0.00268521,0.065278346,7.10E-06,0.763747893,FALSE
fee421dd182111e1d718ac10decab1e9,0.00363772,0.00629183,0.000172616,0.187401913,FALSE